{"male":[{"gradient":{"2C80CB":{"B":203,"G":128,"R":44,"index":-1},"4F413C":{"B":60,"G":65,"R":79,"index":-1},"F9C19D":{"B":157,"G":193,"R":249,"index":37}},"layer":["body"],"name":"body","variation":0},{"gradient":{"F9C19D":{"B":157,"G":193,"R":249,"index":37}},"layer":["face"],"name":"face","variation":0},{"gradient":{"FCCB0A":{"B":10,"G":203,"R":252,"index":2}},"layer":["fronthair","fronthair1","fronthair2"],"name":"frontHair","variation":0},{"gradient":{"B892C5":{"B":197,"G":146,"R":184,"index":19},"FCCB0A":{"B":10,"G":203,"R":252,"index":2}},"layer":["rearhair","rearhair1","rearhair2"],"name":"rearHair","variation":4},{"gradient":{"FCCB0A":{"B":10,"G":203,"R":252,"index":2}},"layer":["beard","beard1","beard2"],"name":"beard","variation":-1},{"gradient":{"F9C19D":{"B":157,"G":193,"R":249,"index":37}},"layer":["ears"],"name":"ears","variation":0},{"gradient":{"2C80CB":{"B":203,"G":128,"R":44,"index":-1}},"layer":["eyes"],"name":"eyes","variation":2},{"gradient":{"F9C19D":{"B":157,"G":193,"R":249,"index":37},"FCCB0A":{"B":10,"G":203,"R":252,"index":2}},"layer":["eyebrows"],"name":"eyebrows","variation":3},{"gradient":{"F9C19D":{"B":157,"G":193,"R":249,"index":37}},"layer":["nose"],"name":"nose","variation":2},{"gradient":{"F9C19D":{"B":157,"G":193,"R":249,"index":37}},"layer":["mouth"],"name":"mouth","variation":3},{"gradient":{"009296":{"B":150,"G":146,"R":0,"index":59},"F9C19D":{"B":157,"G":193,"R":249,"index":-1}},"layer":["tattoo"],"name":"tattoo","variation":-1},{"gradient":{"D3CEC7":{"B":199,"G":206,"R":211,"index":7}},"layer":["kemono"],"name":"kemono","variation":-1},{"gradient":{"E6D6BD":{"B":189,"G":214,"R":230,"index":16}},"layer":["tail","tail1","tail2"],"name":"tail","variation":-1},{"gradient":{"A7D6D6":{"B":214,"G":214,"R":167,"index":61}},"layer":["wing","wing1","wing2"],"name":"wing","variation":-1},{"gradient":{"1C76D0":{"B":208,"G":118,"R":28,"index":62},"AE8682":{"B":130,"G":134,"R":174,"index":-1},"D9A404":{"B":4,"G":164,"R":217,"index":62},"FE9D1E":{"B":30,"G":157,"R":254,"index":59}},"layer":["cloth","cloth1","cloth2"],"name":"cloth","variation":12},{"gradient":{"A30708":{"B":8,"G":7,"R":163,"index":68},"D8AC00":{"B":0,"G":172,"R":216,"index":-1}},"layer":["cloak","cloak1","cloak2"],"name":"cloak","variation":-1},{"gradient":{"A4C911":{"B":17,"G":201,"R":164,"index":58},"D3CEC2":{"B":194,"G":206,"R":211,"index":56},"DA346E":{"B":110,"G":52,"R":218,"index":62}},"layer":["acca"],"name":"accessoryA","variation":-1},{"gradient":{"4155B6":{"B":182,"G":85,"R":65,"index":69},"BA3B45":{"B":69,"G":59,"R":186,"index":62},"C0D3D2":{"B":210,"G":211,"R":192,"index":55},"C78407":{"B":7,"G":132,"R":199,"index":-1}},"layer":["accb"],"name":"accessoryB","variation":-1},{"gradient":{"999999":{"B":153,"G":153,"R":153,"index":65},"607E4B":{"B":75,"G":126,"R":96,"index":67},"CCBAD2":{"B":210,"G":186,"R":204,"index":68}},"layer":["glasses"],"name":"glasses","variation":-1}],"female":[{"gradient":{"2C80CB":{"B":203,"G":128,"R":44,"index":31},"4F413C":{"B":60,"G":65,"R":79,"index":-1},"F9C19D":{"B":157,"G":193,"R":249,"index":37}},"layer":["body"],"name":"body","variation":0},{"gradient":{"F9C19D":{"B":157,"G":193,"R":249,"index":37}},"layer":["face"],"name":"face","variation":0},{"gradient":{"FCCB0A":{"B":10,"G":203,"R":252,"index":13}},"layer":["fronthair","fronthair1","fronthair2"],"name":"frontHair","variation":13},{"gradient":{"B892C5":{"B":197,"G":146,"R":184,"index":-1},"FCCB0A":{"B":10,"G":203,"R":252,"index":13}},"layer":["rearhair","rearhair1","rearhair2"],"name":"rearHair","variation":0},{"gradient":{"FCCB0A":{"B":10,"G":203,"R":252,"index":13}},"layer":["beard","beard1","beard2"],"name":"beard","variation":-1},{"gradient":{"F9C19D":{"B":157,"G":193,"R":249,"index":37}},"layer":["ears"],"name":"ears","variation":0},{"gradient":{"2C80CB":{"B":203,"G":128,"R":44,"index":31}},"layer":["eyes"],"name":"eyes","variation":2},{"gradient":{"F9C19D":{"B":157,"G":193,"R":249,"index":37},"FCCB0A":{"B":10,"G":203,"R":252,"index":13}},"layer":["eyebrows"],"name":"eyebrows","variation":0},{"gradient":{"F9C19D":{"B":157,"G":193,"R":249,"index":37}},"layer":["nose"],"name":"nose","variation":2},{"gradient":{"F9C19D":{"B":157,"G":193,"R":249,"index":37}},"layer":["mouth"],"name":"mouth","variation":0},{"gradient":{"009296":{"B":150,"G":146,"R":0,"index":-1},"F9C19D":{"B":157,"G":193,"R":249,"index":-1}},"layer":["tattoo"],"name":"tattoo","variation":-1},{"gradient":{"D3CEC7":{"B":199,"G":206,"R":211,"index":13}},"layer":["kemono"],"name":"kemono","variation":-1},{"gradient":{"E6D6BD":{"B":189,"G":214,"R":230,"index":-1}},"layer":["tail","tail1","tail2"],"name":"tail","variation":-1},{"gradient":{"A7D6D6":{"B":214,"G":214,"R":167,"index":62}},"layer":["wing","wing1","wing2"],"name":"wing","variation":-1},{"gradient":{"1C76D0":{"B":208,"G":118,"R":28,"index":65},"AE8682":{"B":130,"G":134,"R":174,"index":-1},"D9A404":{"B":4,"G":164,"R":217,"index":-1},"FE9D1E":{"B":30,"G":157,"R":254,"index":-1}},"layer":["cloth","cloth1","cloth2"],"name":"cloth","variation":13},{"gradient":{"A30708":{"B":8,"G":7,"R":163,"index":-1},"D8AC00":{"B":0,"G":172,"R":216,"index":-1}},"layer":["cloak","cloak1","cloak2"],"name":"cloak","variation":-1},{"gradient":{"A4C911":{"B":17,"G":201,"R":164,"index":-1},"D3CEC2":{"B":194,"G":206,"R":211,"index":-1},"DA346E":{"B":110,"G":52,"R":218,"index":-1}},"layer":["acca"],"name":"accessoryA","variation":-1},{"gradient":{"4155B6":{"B":182,"G":85,"R":65,"index":65},"BA3B45":{"B":69,"G":59,"R":186,"index":-1},"C0D3D2":{"B":210,"G":211,"R":192,"index":65},"C78407":{"B":7,"G":132,"R":199,"index":65}},"layer":["accb"],"name":"accessoryB","variation":-1},{"gradient":{"999999":{"B":153,"G":153,"R":153,"index":-1},"607E4B":{"B":75,"G":126,"R":96,"index":-1},"CCBAD2":{"B":210,"G":186,"R":204,"index":-1}},"layer":["glasses"],"name":"glasses","variation":-1}],"kid":[{"gradient":{"2C80CB":{"B":203,"G":128,"R":44,"index":-1},"4F413C":{"B":60,"G":65,"R":79,"index":-1},"F9C19D":{"B":157,"G":193,"R":249,"index":-1}},"layer":["body"],"name":"body","variation":0},{"gradient":{"F9C19D":{"B":157,"G":193,"R":249,"index":-1}},"layer":["face"],"name":"face","variation":0},{"gradient":{"FCCB0A":{"B":10,"G":203,"R":252,"index":-1}},"layer":["fronthair","fronthair1","fronthair2"],"name":"frontHair","variation":0},{"gradient":{"B892C5":{"B":197,"G":146,"R":184,"index":-1},"FCCB0A":{"B":10,"G":203,"R":252,"index":-1}},"layer":["rearhair","rearhair1","rearhair2"],"name":"rearHair","variation":0},{"gradient":{"FCCB0A":{"B":10,"G":203,"R":252,"index":-1}},"layer":["beard","beard1","beard2"],"name":"beard","variation":-1},{"gradient":{"F9C19D":{"B":157,"G":193,"R":249,"index":-1}},"layer":["ears"],"name":"ears","variation":0},{"gradient":{"2C80CB":{"B":203,"G":128,"R":44,"index":-1}},"layer":["eyes"],"name":"eyes","variation":0},{"gradient":{"F9C19D":{"B":157,"G":193,"R":249,"index":-1},"FCCB0A":{"B":10,"G":203,"R":252,"index":-1}},"layer":["eyebrows"],"name":"eyebrows","variation":0},{"gradient":{"F9C19D":{"B":157,"G":193,"R":249,"index":-1}},"layer":["nose"],"name":"nose","variation":0},{"gradient":{"F9C19D":{"B":157,"G":193,"R":249,"index":-1}},"layer":["mouth"],"name":"mouth","variation":0},{"gradient":{"009296":{"B":150,"G":146,"R":0,"index":-1},"F9C19D":{"B":157,"G":193,"R":249,"index":-1}},"layer":["tattoo"],"name":"tattoo","variation":-1},{"gradient":{"D3CEC7":{"B":199,"G":206,"R":211,"index":-1}},"layer":["kemono"],"name":"kemono","variation":-1},{"gradient":{"E6D6BD":{"B":189,"G":214,"R":230,"index":-1}},"layer":["tail","tail1","tail2"],"name":"tail","variation":-1},{"gradient":{"A7D6D6":{"B":214,"G":214,"R":167,"index":-1}},"layer":["wing","wing1","wing2"],"name":"wing","variation":-1},{"gradient":{"1C76D0":{"B":208,"G":118,"R":28,"index":-1},"AE8682":{"B":130,"G":134,"R":174,"index":-1},"D9A404":{"B":4,"G":164,"R":217,"index":-1},"FE9D1E":{"B":30,"G":157,"R":254,"index":-1}},"layer":["cloth","cloth1","cloth2"],"name":"cloth","variation":0},{"gradient":{"A30708":{"B":8,"G":7,"R":163,"index":-1},"D8AC00":{"B":0,"G":172,"R":216,"index":-1}},"layer":["cloak","cloak1","cloak2"],"name":"cloak","variation":-1},{"gradient":{"A4C911":{"B":17,"G":201,"R":164,"index":-1},"D3CEC2":{"B":194,"G":206,"R":211,"index":-1},"DA346E":{"B":110,"G":52,"R":218,"index":-1}},"layer":["acca"],"name":"accessoryA","variation":-1},{"gradient":{"4155B6":{"B":182,"G":85,"R":65,"index":-1},"BA3B45":{"B":69,"G":59,"R":186,"index":-1},"C0D3D2":{"B":210,"G":211,"R":192,"index":-1},"C78407":{"B":7,"G":132,"R":199,"index":-1}},"layer":["accb"],"name":"accessoryB","variation":-1},{"gradient":{"999999":{"B":153,"G":153,"R":153,"index":-1},"607E4B":{"B":75,"G":126,"R":96,"index":-1},"CCBAD2":{"B":210,"G":186,"R":204,"index":-1}},"layer":["glasses"],"name":"glasses","variation":-1}],"identity":"CharacterGeneratorSettings","version":"1.0.0"}